1,FA60EA59-B944-0E52-92BB-299DB847F8AC
2,A529CD2A-98C9-CB3B-5A38-C3EF56DB96C2
3,E738EDA3-D3EB-AB2C-A2D3-47D35D7E1AC3
4,EA464F56-AAB9-D17B-D4BB-BC35F989A25D
5,EB6E97EE-1A70-4C28-313E-A57B953D3343
6,EB6B2630-B303-7C2A-E1D3-CF98187A8E17
7,709C10B5-2AF3-7E71-B792-CC2409147E3A
8,EF085273-B472-14DA-47BE-DA944224CEEC
9,617B4F99-4910-9362-C242-79E24611507A
10,83582EE4-2112-5C9C-20CF-59119348210B
11,8AFA2FB8-6355-F387-81C4-A63634E3D36D
12,FED1E21F-C59E-8A43-DFA9-A58293220283
13,2A6E4B2E-18E9-16C1-F8D2-CBA7FCB5B4D6
14,E1F44AA4-BC37-9ED4-1D88-785BBD8C79AD
15,233332B3-5ABA-53BE-3528-12D9FCA14E5E
16,04CEE749-5FE3-7457-D4A4-76318C04652B
17,2E3C4B4B-5DDF-BDE2-485B-F615C3E94284
18,1EABB809-56F7-598E-B549-681284AE00A1
19,2943327A-1DDA-8B23-7184-48E389BB6B14
20,6827DD92-C810-31A1-69CD-1DDD7EAE93E5
21,B36C35A7-5971-5A70-D665-D4BB2ADDEDFB
22,59DB5EDB-B86D-A5DB-3EB5-38BF6C193968
23,DD92646B-8961-09A6-DA00-424DBC389524
24,ACD7CC1B-B426-AFA3-EEF1-8291B4EC1558
25,1CC8BCCA-4E13-02B3-DAF5-8ADF2297C8C3
26,41152B57-C793-BDF4-7AC7-BC38D6B665B9
27,A6ED4665-2929-ECFA-B789-CA465C567378
28,29A5E99C-7E9F-2BB8-752F-43EF2DC3478C
29,8F7DDCC4-FE49-3271-475E-315612A36141
30,B49D06B7-85B7-71FC-C784-86BA6388FEB7
31,433412F5-55C4-A251-A5F9-7FB22AA413D1
32,B47E4DB8-A416-3862-CD1E-B9B422E50648
33,0C0292C3-CB27-BB3D-C5AE-4E75F111EA67
34,E4513C8F-2203-6B95-AD6C-A5358A336A99
35,D7813DB6-9564-E99A-AD1E-8AD31E2BAEB8
36,E8E2D765-ACAD-8E56-5C09-223C48510DA7
37,4EB93AA6-2CB5-229A-1B73-E79454A9E091
38,61983945-30C3-3C6D-170D-4804F2ADB5B5
39,DDA5D7D2-089E-94C5-6B44-34BF9E38B275
40,997B308A-0AEE-F2FB-1E19-EC6B551ED883
41,2A806869-69D7-0224-5646-3BE8483EDE1E
42,2EF8C2F0-86B6-B699-7690-9BEBE7CB4613
43,172C76EA-D8D7-4302-5EE4-34E54ED5C26F
44,9FB4AA28-4481-1DCA-A72E-69208D378C7B
45,52C9B3DC-3D71-8760-74A1-5A952D34D482
46,7DB749BA-8949-A283-4D21-7E3121E0E1B5
47,8B096C73-33E1-BB21-C140-D063DCBEE83A
48,D82B92C2-5446-15E1-91B7-D1A117AB5095
49,61C4965D-34A9-1671-0344-88B9E24889D0
50,A460D9BB-BF87-D8E8-87DB-D9E6098E567C
51,5AB44E83-01DD-CEB5-137E-84136AAA41BB
52,6C72DA1E-C91F-E939-2E33-DC43C6571743
53,CD8E1706-3268-D814-185A-99D615B281FD
54,77FC69B9-9757-5BB4-5CBA-44B93A8FA419
55,9BBBD299-398A-B5CE-A607-9A3D1BA49C39
56,6F1BDDF7-D309-DC45-6251-32732D189B1C
57,0B779BBA-967D-31A3-9CAC-A4996F97E666
58,6A8D8BB5-398F-C6AA-7B19-5242BF6F7A43
59,68C5CFA9-AB6B-97A5-84C7-ECA613CF4A12
60,5C9C1454-D164-7654-AD86-6E947058ED14
61,6B1D1013-2DC9-3EDB-EBC2-2EDB1DE13582
62,2E9DB385-7043-9ECB-66D4-2F36371EFD59
63,B9334A9F-714E-9A34-8342-73118266C846
64,7BD75E5A-433B-4834-C0B3-A231443B1BED
65,3D5A2BD1-8D87-85E7-A3D5-B6E9E3FBEDCB
66,FD2BE288-A463-ED5D-D2B8-445268CA96AD
67,29FFA78B-2B69-08EE-C28C-5AA848038846
68,AC62FF98-1D5D-4904-5F06-92D5DBDB16D9
69,21591547-97B8-CDA7-52AC-B2A77351124A
70,571E5320-A2F8-F52B-4546-C5755D5271BE
71,117798D0-C4A6-A3FA-1BFD-439DE7A419CE
72,AF6985D4-443B-C9D4-C929-508178214095
73,970A1D24-1735-DBC6-7148-86B626C89384
74,F0454166-AB55-36B6-BC78-D97F145CC39B
75,1B78D58C-C525-3336-0D8B-63234DF6840D
76,0C7A4C6A-2441-7B71-5BBC-D6A5C85D5DA8
77,6F340ED6-B685-185C-D7B5-CC9D113D4878
78,D13DA4B1-78BD-D36C-FC52-458267A738E5
79,D231A59C-0C36-FF06-1723-4BCB88F9733E
80,C8A59BED-1838-4E13-5854-1ACB6C19AD9B
81,0EC049D6-E3C9-D97A-5262-DEB1E08644C0
82,E8E92502-8EA0-74E7-D66A-79C6A9FFB72A
83,CB0442B2-844A-68E4-1B3B-81265EB1D9EC
84,78ECB3EF-3394-A497-AED6-9C3BCB1D3ECA
85,00B48DF9-E5D3-ABAA-74C5-94672243AA78
86,7CA617B5-15DC-6D35-3787-1CA06AE8AC23
87,890F8CE3-176D-2536-E604-1A4229499DB6
88,687914F8-1E42-78AA-B6C3-C859B4F4E41E
89,ADA98A4C-112C-16C1-B483-0884203A0121
90,93E3E541-D7CD-9AA4-C62A-0A79526325BD
91,2C67ACCC-286A-56ED-5308-A744CC318DEC
92,54ECD857-2B3A-C44D-8C34-4CD2E5D277BE
93,2C1D037E-179C-5CA8-BD1C-7E68DC382BFA
94,E4888DB5-4B58-2FC5-4D67-50B0BEBE1A51
95,8EEE885C-E3B1-BA54-61A3-C2734B9182CB
96,A4B1BBE1-ABD9-590B-DD9E-1EB2FDC6B4C9
97,03A6B1F9-7B3D-D77D-7EE1-ECB87EE4845D
98,29ED9B9A-F16C-7C18-5D56-17E8CDCC794C
99,1A9A7AB2-AD32-2424-46C5-84B48DA3D1B6
100,5F41DA85-9375-42A9-17ED-E88A7D6BEEB3
